"JWTR","transport_type","avg_time","med_time","min_time","max_time","q25_time","q75_time","n","n_missing","state","state_n","prop","state_name"
1,"Car, truck, or van",24.3046360499418,20,1,194,10,30,91867,0,"al",97003,0.947053183922147,"Alabama"
2,"Bus or trolley bus",37.272952853598,30,1,194,15,45,403,0,"al",97003,0.00415451068523654,"Alabama"
3,"Streetcar or trolley car",49.5,45,18,90,27,67.5,4,0,"al",97003,4.12358380668639e-05,"Alabama"
4,"Subway or elevated",21.8,30,3,40,6,30,5,0,"al",97003,5.15447975835799e-05,"Alabama"
5,"Railroad",10,10,10,10,10,10,1,0,"al",97003,1.0308959516716e-05,"Alabama"
6,"Ferryboat",32.5,32,5,60,18.75,46.25,2,0,"al",97003,2.0617919033432e-05,"Alabama"
7,"Taxicab",14.825,15,1,45,10,20,40,0,"al",97003,0.000412358380668639,"Alabama"
8,"Motorcycle",23.6313131313131,20,2,155,15,30,198,0,"al",97003,0.00204117398430976,"Alabama"
9,"Bicycle",15.6470588235294,10,2,90,5,18.25,136,0,"al",97003,0.00140201849427337,"Alabama"
10,"Walked",10.1304713804714,5,1,194,2,10,1188,0,"al",97003,0.0122470439058586,"Alabama"
11,"Worked at home",NA,NA,NA,NA,NA,NA,2524,2524,"al",97003,0.0260198138201911,"Alabama"
12,"Other method",36.2755905511811,20,1,194,10,44,635,0,"al",97003,0.00654618929311465,"Alabama"
1,"Car, truck, or van",17.9290739134625,15,1,180,8,20,10377,0,"ak",14570,0.712216884008236,"Alaska"
2,"Bus or trolley bus",34.6459627329193,30,1,157,15,48,161,0,"ak",14570,0.0110501029512697,"Alaska"
3,"Streetcar or trolley car",8,8,8,8,8,8,1,0,"ak",14570,6.86341798215511e-05,"Alaska"
4,"Subway or elevated",10,10,10,10,10,10,2,0,"ak",14570,0.000137268359643102,"Alaska"
6,"Ferryboat",47.2666666666667,30,1,145,15,85,15,0,"ak",14570,0.00102951269732327,"Alaska"
7,"Taxicab",10.7931034482759,7,1,90,5,11.5,58,0,"ak",14570,0.00398078242964997,"Alaska"
8,"Motorcycle",14.0967741935484,10,2,45,9,15,31,0,"ak",14570,0.00212765957446809,"Alaska"
9,"Bicycle",16.5704697986577,15,1,60,5,20,149,0,"ak",14570,0.0102264927934111,"Alaska"
10,"Walked",6.70172764227642,5,1,145,3,10,1968,0,"ak",14570,0.135072065888813,"Alaska"
11,"Worked at home",NA,NA,NA,NA,NA,NA,812,812,"ak",14570,0.0557309540150995,"Alaska"
12,"Other method",22.6064257028112,5,1,180,3,15,996,0,"ak",14570,0.0683596431022649,"Alaska"
1,"Car, truck, or van",24.5093608045303,20,1,180,12,30,114253,0,"az",130002,0.878855709912155,"Arizona"
2,"Bus or trolley bus",48.6678848789402,45,1,180,30,60,2189,0,"az",130002,0.0168382024891925,"Arizona"
3,"Streetcar or trolley car",39.0961538461538,37,5,120,22.25,51.25,52,0,"az",130002,0.000399993846248519,"Arizona"
4,"Subway or elevated",37.3055555555556,30,10,126,20,45,36,0,"az",130002,0.00027691881663359,"Arizona"
5,"Railroad",36.72,30,15,105,20,40,25,0,"az",130002,0.000192304733773327,"Arizona"
6,"Ferryboat",34,30,12,60,21,45,3,0,"az",130002,2.30765680527992e-05,"Arizona"
7,"Taxicab",21.032967032967,15,1,120,10,23.5,91,0,"az",130002,0.000699989230934909,"Arizona"
8,"Motorcycle",23.4634146341463,20,1,180,15,30,697,0,"az",130002,0.00536145597760034,"Arizona"
9,"Bicycle",20.4081981212639,15,2,153,10,25,1171,0,"az",130002,0.00900755372994262,"Arizona"
10,"Walked",11.4278951201748,8,1,180,5,15,2746,0,"az",130002,0.0211227519576622,"Arizona"
11,"Worked at home",NA,NA,NA,NA,NA,NA,7402,7402,"az",130002,0.0569375855756065,"Arizona"
12,"Other method",34.149588631264,20,1,180,10,40,1337,0,"az",130002,0.0102844571621975,"Arizona"
1,"Car, truck, or van",22.2769197144106,15,1,195,10,30,54904,0,"ar",58986,0.930797138304004,"Arkansas"
2,"Bus or trolley bus",31.1333333333333,22.5,1,131,15,45,210,0,"ar",58986,0.00356016681924524,"Arkansas"
3,"Streetcar or trolley car",127.5,127.5,60,195,93.75,161.25,2,0,"ar",58986,3.39063506594785e-05,"Arkansas"
4,"Subway or elevated",10,10,10,10,10,10,1,0,"ar",58986,1.69531753297393e-05,"Arkansas"
5,"Railroad",15,15,10,20,12.5,17.5,2,0,"ar",58986,3.39063506594785e-05,"Arkansas"
6,"Ferryboat",34,34,8,60,21,47,2,0,"ar",58986,3.39063506594785e-05,"Arkansas"
7,"Taxicab",18.92,10,5,70,10,20,25,0,"ar",58986,0.000423829383243482,"Arkansas"
8,"Motorcycle",21.2883435582822,17,2,75,10,30,163,0,"ar",58986,0.0027633675787475,"Arkansas"
9,"Bicycle",15.9701492537313,10,2,60,7.5,20,67,0,"ar",58986,0.00113586274709253,"Arkansas"
10,"Walked",8.40849056603774,5,1,195,2,10,1060,0,"ar",58986,0.0179703658495236,"Arkansas"
11,"Worked at home",NA,NA,NA,NA,NA,NA,2027,2027,"ar",58986,0.0343640863933815,"Arkansas"
12,"Other method",27.3728489483748,15,1,195,5,30,523,0,"ar",58986,0.00886651069745363,"Arkansas"
1,"Car, truck, or van",26.3685994598468,20,1,178,15,30,653148,0,"ca",769646,0.848634307200973,"California"
2,"Bus or trolley bus",46.239483675019,40,1,178,30,60,26340,0,"ca",769646,0.0342235261405893,"California"
3,"Streetcar or trolley car",42.349593495935,40,1,178,30,55,984,0,"ca",769646,0.00127850986037737,"California"
4,"Subway or elevated",48.9731077201994,45,1,178,30,60,6619,0,"ca",769646,0.00860005768885955,"California"
5,"Railroad",70.5213675213675,60,1,178,45,90,2808,0,"ca",769646,0.00364843057717444,"California"
6,"Ferryboat",60.9900332225914,60,1,178,45,75,301,0,"ca",769646,0.000391088890217061,"California"
7,"Taxicab",21.1461794019934,15,1,178,10,25,301,0,"ca",769646,0.000391088890217061,"California"
8,"Motorcycle",24.2233434241507,20,1,178,12,30,2973,0,"ca",769646,0.0038628148525426,"California"
9,"Bicycle",20.0443760420675,15,1,178,10,25,7797,0,"ca",769646,0.0101306314851243,"California"
10,"Walked",12.1651358499639,10,1,178,5,15,20795,0,"ca",769646,0.0270189151895807,"California"
11,"Worked at home",NA,NA,NA,NA,NA,NA,41262,41262,"ca",769646,0.0536116604257022,"California"
12,"Other method",36.3485280151947,20,1,178,10,45,6318,0,"ca",769646,0.00820896879864249,"California"
1,"Car, truck, or van",24.0878294953454,20,1,194,10,30,102050,0,"co",120942,0.843792892460849,"Colorado"
2,"Bus or trolley bus",45.4914170313026,45,1,194,25,60,2971,0,"co",120942,0.0245654942038332,"Colorado"
3,"Streetcar or trolley car",41.3076923076923,40,10,95,30,45,65,0,"co",120942,0.000537447702204362,"Colorado"
4,"Subway or elevated",45.4,45,5,194,30,60,305,0,"co",120942,0.00252186998726662,"Colorado"
5,"Railroad",46.3509933774834,45,1,152,35,60,151,0,"co",120942,0.00124853235435167,"Colorado"
6,"Ferryboat",47.3636363636364,41,1,152,11,44.5,11,0,"co",120942,9.09526880653536e-05,"Colorado"
7,"Taxicab",27.0625,22.5,10,69,15,31.25,32,0,"co",120942,0.000264589638008301,"Colorado"
8,"Motorcycle",21.4447004608295,20,1,194,10,30,434,0,"co",120942,0.00358849696548759,"Colorado"
9,"Bicycle",17.3358974358974,15,1,194,10,20,1560,0,"co",120942,0.0128987448529047,"Colorado"
10,"Walked",9.96819697358297,5,1,194,3,10,3899,0,"co",120942,0.032238593706074,"Colorado"
11,"Worked at home",NA,NA,NA,NA,NA,NA,8564,8564,"co",120942,0.0708108018719717,"Colorado"
12,"Other method",48.99,20,1,194,10,60,900,0,"co",120942,0.00744158356898348,"Colorado"
1,"Car, truck, or van",24.0713814860156,20,1,179,10,30,74333,0,"ct",85146,0.873006365536843,"Connecticut"
2,"Bus or trolley bus",35.1023928770173,30,1,179,20,45,1797,0,"ct",85146,0.0211049256571066,"Connecticut"
3,"Streetcar or trolley car",34.1666666666667,27,10,90,16.25,48.75,18,0,"ct",85146,0.000211401592558664,"Connecticut"
4,"Subway or elevated",63.7179487179487,60,10,179,30,90,156,0,"ct",85146,0.00183214713550842,"Connecticut"
5,"Railroad",84.5806451612903,80,1,179,60,90,1674,0,"ct",85146,0.0196603481079557,"Connecticut"
6,"Ferryboat",61.7857142857143,60,15,144,26.25,85,14,0,"ct",85146,0.000164423460878961,"Connecticut"
7,"Taxicab",19.3484848484848,19,5,100,10,23.75,66,0,"ct",85146,0.000775139172715101,"Connecticut"
8,"Motorcycle",20.3052631578947,16,2,145,10,20,95,0,"ct",85146,0.00111573062739295,"Connecticut"
9,"Bicycle",16.4775510204082,15,1,100,10,20,245,0,"ct",85146,0.00287741056538181,"Connecticut"
10,"Walked",10.2366220735786,7,1,179,5,15,2392,0,"ct",85146,0.0280929227444625,"Connecticut"
11,"Worked at home",NA,NA,NA,NA,NA,NA,3843,3843,"ct",85146,0.0451342400112748,"Connecticut"
12,"Other method",32.8187134502924,15,1,179,10,30,513,0,"ct",85146,0.00602494538792192,"Connecticut"
1,"Car, truck, or van",24.6858832224686,20,1,182,12,30,17589,0,"de",19534,0.900430019453261,"Delaware"
2,"Bus or trolley bus",39.7424593967517,30,1,182,20,50,431,0,"de",19534,0.0220640933756527,"Delaware"
3,"Streetcar or trolley car",72.3333333333333,25,10,182,17.5,103.5,3,0,"de",19534,0.000153578376164636,"Delaware"
4,"Subway or elevated",57.6111111111111,45,20,133,32.5,82.5,18,0,"de",19534,0.000921470256987816,"Delaware"
5,"Railroad",83.2921348314607,80,4,182,60,100,89,0,"de",19534,0.0045561584928842,"Delaware"
7,"Taxicab",31.6666666666667,22,10,60,16.25,51.25,6,0,"de",19534,0.000307156752329272,"Delaware"
8,"Motorcycle",22.1034482758621,20,3,60,15,30,29,0,"de",19534,0.00148459096959148,"Delaware"
9,"Bicycle",15.875,15,3,60,10,16.25,64,0,"de",19534,0.00327633869151224,"Delaware"
10,"Walked",10.7712895377129,8,1,75,5,15,411,0,"de",19534,0.0210402375345551,"Delaware"
11,"Worked at home",NA,NA,NA,NA,NA,NA,757,757,"de",19534,0.0387529435855432,"Delaware"
12,"Other method",26.9051094890511,20,1,182,10,30,137,0,"de",19534,0.00701341251151838,"Delaware"
1,"Car, truck, or van",25.4733000351741,20,1,193,15,30,355375,0,"fl",395580,0.898364426917438,"Florida"
2,"Bus or trolley bus",47.4245047444648,40,1,193,25,60,6007,0,"fl",395580,0.0151852975377926,"Florida"
3,"Streetcar or trolley car",37.5918367346939,30,3,182,15,60,49,0,"fl",395580,0.000123868749684008,"Florida"
4,"Subway or elevated",46.2556179775281,45,3,182,30,60,356,0,"fl",395580,0.000899944385459326,"Florida"
5,"Railroad",68.0415094339623,60,5,193,40,90,265,0,"fl",395580,0.000669902421760453,"Florida"
6,"Ferryboat",27.4444444444444,20,2,90,15,30,18,0,"fl",395580,4.55028060063704e-05,"Florida"
7,"Taxicab",21.59375,15,1,193,10,25,288,0,"fl",395580,0.000728044896101926,"Florida"
8,"Motorcycle",23.1385390428212,20,1,182,10,30,1588,0,"fl",395580,0.00401435866322868,"Florida"
9,"Bicycle",19.732932589094,15,1,182,10,25,2329,0,"fl",395580,0.00588755751049092,"Florida"
10,"Walked",11.3437711577522,6,1,193,4,15,5908,0,"fl",395580,0.0149350321047576,"Florida"
11,"Worked at home",NA,NA,NA,NA,NA,NA,19453,19453,"fl",395580,0.0491758936245513,"Florida"
12,"Other method",43.7712981744422,20,1,193,10,45,3944,0,"fl",395580,0.00997017038272916,"Florida"
1,"Car, truck, or van",26.5584283254506,20,1,193,15,30,183524,0,"ga",204011,0.899578944272613,"Georgia"
2,"Bus or trolley bus",50.5716677829873,45,1,193,25,60,2986,0,"ga",204011,0.0146364656807721,"Georgia"
3,"Streetcar or trolley car",41.9230769230769,40,3,154,15,47.5,39,0,"ga",204011,0.000191166162608879,"Georgia"
4,"Subway or elevated",49.1192214111922,45,1,183,30,60,822,0,"ga",204011,0.00402919450421791,"Georgia"
5,"Railroad",53.2465753424658,45,15,148,35,60,146,0,"ga",204011,0.000715647685664008,"Georgia"
6,"Ferryboat",36,32,5,72,16.25,56,6,0,"ga",204011,2.94101788629045e-05,"Georgia"
7,"Taxicab",19.7106382978723,15,2,154,10,20,235,0,"ga",204011,0.00115189867213042,"Georgia"
8,"Motorcycle",22.9953596287703,20,1,160,10,30,431,0,"ga",204011,0.00211263118165197,"Georgia"
9,"Bicycle",19.5256124721604,15,1,154,10,20,449,0,"ga",204011,0.00220086171824068,"Georgia"
10,"Walked",11.3951233842538,5,1,193,3,15,3404,0,"ga",204011,0.0166853748082211,"Georgia"
11,"Worked at home",NA,NA,NA,NA,NA,NA,10009,10009,"ga",204011,0.0490610800398018,"Georgia"
12,"Other method",38.1127551020408,20,1,193,10,45,1960,0,"ga",204011,0.00960732509521545,"Georgia"
1,"Car, truck, or van",25.2315813372687,20,1,148,13,30,26427,0,"hi",32351,0.816883558468053,"Hawaii"
2,"Bus or trolley bus",46.4199573105656,40,1,148,30,60,1874,0,"hi",32351,0.0579271119903558,"Hawaii"
3,"Streetcar or trolley car",20,20,10,30,10,30,4,0,"hi",32351,0.000123643782263299,"Hawaii"
4,"Subway or elevated",36.6666666666667,42,5,45,41,44,6,0,"hi",32351,0.000185465673394949,"Hawaii"
5,"Railroad",60,60,60,60,60,60,1,0,"hi",32351,3.09109455658249e-05,"Hawaii"
6,"Ferryboat",46.4166666666667,44,10,114,27.5,60,24,0,"hi",32351,0.000741862693579797,"Hawaii"
7,"Taxicab",22.4761904761905,15,1,139,10,20,21,0,"hi",32351,0.000649129856882322,"Hawaii"
8,"Motorcycle",21.8347107438017,15,1,146,10,30,242,0,"hi",32351,0.00748044882692962,"Hawaii"
9,"Bicycle",15.4625850340136,15,2,75,10,20,294,0,"hi",32351,0.00908781799635251,"Hawaii"
10,"Walked",12.1463917525773,10,1,148,5,15,1455,0,"hi",32351,0.0449754257982752,"Hawaii"
11,"Worked at home",NA,NA,NA,NA,NA,NA,1610,1610,"hi",32351,0.049766622360978,"Hawaii"
12,"Other method",28.8117048346056,20,1,148,10,30,393,0,"hi",32351,0.0121480016073692,"Hawaii"
1,"Car, truck, or van",20.6993475274725,15,1,188,10,25,29120,0,"id",33210,0.876844323998796,"Idaho"
2,"Bus or trolley bus",59.3690036900369,60,1,188,30,80,271,0,"id",33210,0.00816019271303824,"Idaho"
3,"Streetcar or trolley car",19,19,8,30,13.5,24.5,2,0,"id",33210,6.02228244504667e-05,"Idaho"
4,"Subway or elevated",45,25,20,90,22.5,57.5,3,0,"id",33210,9.03342366757001e-05,"Idaho"
5,"Railroad",27.5,27.5,15,40,21.25,33.75,2,0,"id",33210,6.02228244504667e-05,"Idaho"
7,"Taxicab",15.8095238095238,15,7,30,10,20,21,0,"id",33210,0.000632339656729901,"Idaho"
8,"Motorcycle",17.6832298136646,15,2,100,10,20,161,0,"id",33210,0.00484793736826257,"Idaho"
9,"Bicycle",15.801775147929,12,1,80,5.25,20,338,0,"id",33210,0.0101776573321289,"Idaho"
10,"Walked",8.3348095659876,5,1,131,2,10,1129,0,"id",33210,0.0339957844022885,"Idaho"
11,"Worked at home",NA,NA,NA,NA,NA,NA,1896,1896,"id",33210,0.0570912375790425,"Idaho"
12,"Other method",36.5767790262172,20,1,188,5,35,267,0,"id",33210,0.00803974706413731,"Idaho"
1,"Car, truck, or van",26.3055540669225,20,1,185,10,35,242579,0,"il",288901,0.839661337274707,"Illinois"
2,"Bus or trolley bus",43.0609684605464,40,1,185,25,60,8529,0,"il",288901,0.029522223875999,"Illinois"
3,"Streetcar or trolley car",45.7238805970149,43,2,185,30,60,134,0,"il",288901,0.000463826708803362,"Illinois"
4,"Subway or elevated",43.3065994500458,40,1,185,30,50,6546,0,"il",288901,0.0226582808643791,"Illinois"
5,"Railroad",64.7431648715824,60,1,185,45,75,6035,0,"il",288901,0.0208895088628977,"Illinois"
6,"Ferryboat",53.7894736842105,41,15,143,25,75,19,0,"il",288901,6.57664736362976e-05,"Illinois"
7,"Taxicab",19.890306122449,15,1,151,10,20,392,0,"il",288901,0.0013568661929173,"Illinois"
8,"Motorcycle",21.4078947368421,18,1,143,10,30,456,0,"il",288901,0.00157839536727114,"Illinois"
9,"Bicycle",19.9068056407112,15,1,182,10,25,1631,0,"il",288901,0.00564553255267375,"Illinois"
10,"Walked",11.0037567504109,10,1,182,5,15,8518,0,"il",288901,0.029484148549157,"Illinois"
11,"Worked at home",NA,NA,NA,NA,NA,NA,12206,12206,"il",288901,0.0422497672212973,"Illinois"
12,"Other method",38.7155172413793,20,1,185,10,45,1856,0,"il",288901,0.00642434605626149,"Illinois"
1,"Car, truck, or van",23.635956038744,20,1,181,10,30,134937,0,"in",146412,0.921625276616671,"Indiana"
2,"Bus or trolley bus",35.217017208413,30,1,181,15,45,1046,0,"in",146412,0.00714422315110783,"Indiana"
3,"Streetcar or trolley car",19,15,2,45,10,26.25,8,0,"in",146412,5.46403300275934e-05,"Indiana"
4,"Subway or elevated",65.1764705882353,60,20,123,45,87.5,34,0,"in",146412,0.000232221402617272,"Indiana"
5,"Railroad",85.7623762376238,80,1,181,60,105,202,0,"in",146412,0.00137966833319673,"Indiana"
6,"Ferryboat",18.6666666666667,10,1,45,5.5,27.5,3,0,"in",146412,2.04901237603475e-05,"Indiana"
7,"Taxicab",14.7115384615385,15,1,35,10,20,52,0,"in",146412,0.000355162145179357,"Indiana"
8,"Motorcycle",22.0852459016393,18,2,181,10,30,305,0,"in",146412,0.002083162582302,"Indiana"
9,"Bicycle",16.2705696202532,11,1,148,8,20,632,0,"in",146412,0.00431658607217988,"Indiana"
10,"Walked",9.52997952617724,5,1,181,3,10,3419,0,"in",146412,0.0233519110455427,"Indiana"
11,"Worked at home",NA,NA,NA,NA,NA,NA,4851,4851,"in",146412,0.0331325301204819,"Indiana"
12,"Other method",31.8494041170098,15,1,181,7,30,923,0,"in",146412,0.00630412807693358,"Indiana"
1,"Car, truck, or van",20.4079558695556,15,1,187,10,25,67799,0,"ia",76116,0.890732566083346,"Iowa"
2,"Bus or trolley bus",28.334991708126,20,2,176,15,35,603,0,"ia",76116,0.0079221188711966,"Iowa"
3,"Streetcar or trolley car",15,15,15,15,15,15,2,0,"ia",76116,2.62756844815807e-05,"Iowa"
4,"Subway or elevated",21,21,2,40,11.5,30.5,2,0,"ia",76116,2.62756844815807e-05,"Iowa"
5,"Railroad",73.5,73,12,135,42.75,104.25,2,0,"ia",76116,2.62756844815807e-05,"Iowa"
6,"Ferryboat",35,35,10,60,22.5,47.5,2,0,"ia",76116,2.62756844815807e-05,"Iowa"
7,"Taxicab",16.4166666666667,15,2,50,10,20,36,0,"ia",76116,0.000472962320668453,"Iowa"
8,"Motorcycle",14.4382716049383,12,1,45,5,20,162,0,"ia",76116,0.00212833044300804,"Iowa"
9,"Bicycle",15.0243161094225,10,1,176,5,20,329,0,"ia",76116,0.00432235009722003,"Iowa"
10,"Walked",7.44882154882155,5,1,135,2,10,2970,0,"ia",76116,0.0390193914551474,"Iowa"
11,"Worked at home",NA,NA,NA,NA,NA,NA,3739,3739,"ia",76116,0.0491223921383152,"Iowa"
12,"Other method",26.063829787234,15,1,187,5,30,470,0,"ia",76116,0.00617478585317147,"Iowa"
1,"Car, truck, or van",19.850952668615,15,1,182,10,25,61249,0,"ks",67592,0.90615753343591,"Kansas"
2,"Bus or trolley bus",38.8188976377953,30,1,182,15,60,254,0,"ks",67592,0.00375784116463487,"Kansas"
3,"Streetcar or trolley car",10,10,10,10,10,10,2,0,"ks",67592,2.9589300508936e-05,"Kansas"
4,"Subway or elevated",30,30,15,45,22.5,37.5,2,0,"ks",67592,2.9589300508936e-05,"Kansas"
5,"Railroad",12.5,12,10,15,11.25,13.75,2,0,"ks",67592,2.9589300508936e-05,"Kansas"
6,"Ferryboat",23.3333333333333,30,5,35,17.5,32.5,3,0,"ks",67592,4.4383950763404e-05,"Kansas"
7,"Taxicab",13.4,15,3,30,10,15,25,0,"ks",67592,0.0003698662563617,"Kansas"
8,"Motorcycle",20.363184079602,15,1,182,10,20,201,0,"ks",67592,0.00297372470114807,"Kansas"
9,"Bicycle",15.0412844036697,10,1,182,5,15,218,0,"ks",67592,0.00322523375547402,"Kansas"
10,"Walked",8.46537678207739,5,1,182,2,10,1964,0,"ks",67592,0.0290566930997751,"Kansas"
11,"Worked at home",NA,NA,NA,NA,NA,NA,3262,3262,"ks",67592,0.0482601491300746,"Kansas"
12,"Other method",28.8292682926829,15,1,182,5,30,410,0,"ks",67592,0.00606580660433187,"Kansas"
1,"Car, truck, or van",23.0953322831661,20,1,182,10,30,84431,0,"ky",91279,0.924977267498548,"Kentucky"
2,"Bus or trolley bus",39.1489361702128,30,1,182,20,50,940,0,"ky",91279,0.0102980970431315,"Kentucky"
3,"Streetcar or trolley car",22.5833333333333,15,3,60,5,35,12,0,"ky",91279,0.000131465068635721,"Kentucky"
4,"Subway or elevated",34.75,32,30,44,30,37.25,4,0,"ky",91279,4.38216895452404e-05,"Kentucky"
6,"Ferryboat",26,20,10,44,15,41,5,0,"ky",91279,5.47771119315505e-05,"Kentucky"
7,"Taxicab",19.3513513513514,15,8,50,15,25,37,0,"ky",91279,0.000405350628293474,"Kentucky"
8,"Motorcycle",21.5081967213115,15,3,129,12,30,122,0,"ky",91279,0.00133656153112983,"Kentucky"
9,"Bicycle",17.3015075376884,15,1,129,8,20,199,0,"ky",91279,0.00218012905487571,"Kentucky"
10,"Walked",9.37896825396825,5,1,182,3,10,2016,0,"ky",91279,0.0220861315308012,"Kentucky"
11,"Worked at home",NA,NA,NA,NA,NA,NA,2924,2924,"ky",91279,0.0320336550575707,"Kentucky"
12,"Other method",28.8455008488964,15,1,182,10,30,589,0,"ky",91279,0.00645274378553665,"Kentucky"
1,"Car, truck, or van",25.0439228717181,20,1,200,10,30,85468,0,"la",92495,0.924028325855452,"Louisiana"
2,"Bus or trolley bus",41.1947674418605,30,1,200,20,60,1032,0,"la",92495,0.0111573598572896,"Louisiana"
3,"Streetcar or trolley car",30.5645161290323,30,5,120,20,40,62,0,"la",92495,0.000670306503054219,"Louisiana"
4,"Subway or elevated",46.2857142857143,44,30,60,35,60,7,0,"la",92495,7.56797664738635e-05,"Louisiana"
5,"Railroad",52.5,52.5,15,90,33.75,71.25,2,0,"la",92495,2.16227904211038e-05,"Louisiana"
6,"Ferryboat",46.64,44,5,163,30,60,25,0,"la",92495,0.000270284880263798,"Louisiana"
7,"Taxicab",19.4554455445545,15,3,184,10,20,101,0,"la",92495,0.00109195091626574,"Louisiana"
8,"Motorcycle",22.1893203883495,15,2,165,10,25,206,0,"la",92495,0.0022271474133737,"Louisiana"
9,"Bicycle",16.7811704834606,15,1,60,10,20,393,0,"la",92495,0.00424887831774691,"Louisiana"
10,"Walked",10.8968386023295,5,1,184,2,15,1803,0,"la",92495,0.0194929455646251,"Louisiana"
11,"Worked at home",NA,NA,NA,NA,NA,NA,2333,2333,"la",92495,0.0252229850262176,"Louisiana"
12,"Other method",40.9548447789276,20,1,200,10,45,1063,0,"la",92495,0.0114925131088167,"Louisiana"
1,"Car, truck, or van",24.7197501054003,20,1,194,10,30,26091,0,"me",29654,0.879847575369259,"Maine"
2,"Bus or trolley bus",40.0703125,30,1,158,15,60,128,0,"me",29654,0.00431644972010521,"Maine"
3,"Streetcar or trolley car",36,36,12,60,24,48,2,0,"me",29654,6.7444526876644e-05,"Maine"
4,"Subway or elevated",30,20,10,60,15,40,3,0,"me",29654,0.000101166790314966,"Maine"
5,"Railroad",77.5,77,45,110,61.25,93.75,2,0,"me",29654,6.7444526876644e-05,"Maine"
6,"Ferryboat",50.2083333333333,44,15,156,30,60,24,0,"me",29654,0.000809334322519727,"Maine"
7,"Taxicab",10.4137931034483,10,3,20,7,15,29,0,"me",29654,0.000977945639711337,"Maine"
8,"Motorcycle",28.1698113207547,23,1,100,15,35,53,0,"me",29654,0.00178727996223106,"Maine"
9,"Bicycle",17.2,10,2,90,7,20,125,0,"me",29654,0.00421528292979025,"Maine"
10,"Walked",8.06610878661088,5,1,158,2,10,1195,0,"me",29654,0.0402981048087948,"Maine"
11,"Worked at home",NA,NA,NA,NA,NA,NA,1786,1786,"me",29654,0.0602279625008431,"Maine"
12,"Other method",37.2453703703704,15,1,194,10,45,216,0,"me",29654,0.00728400890267755,"Maine"
1,"Car, truck, or van",30.1203512874652,25,1,182,15,40,118877,0,"md",141315,0.841219969571525,"Maryland"
2,"Bus or trolley bus",51.9306428716285,45,1,182,30,60,4931,0,"md",141315,0.0348936772458692,"Maryland"
3,"Streetcar or trolley car",44.3875,45,7,120,30,60,80,0,"md",141315,0.000566111170081025,"Maryland"
4,"Subway or elevated",52.8873131467995,50,1,182,40,60,5218,0,"md",141315,0.0369246010685348,"Maryland"
5,"Railroad",76.8622754491018,74,1,182,60,90,1002,0,"md",141315,0.00709054240526483,"Maryland"
6,"Ferryboat",70.1428571428571,60,15,146,30,105,7,0,"md",141315,4.95347273820897e-05,"Maryland"
7,"Taxicab",24.394495412844,15,1,182,10,30,218,0,"md",141315,0.00154265293847079,"Maryland"
8,"Motorcycle",25.814606741573,20,2,143,15,30,178,0,"md",141315,0.00125959735343028,"Maryland"
9,"Bicycle",22.8357588357588,15,1,144,10,30,481,0,"md",141315,0.00340374341011216,"Maryland"
10,"Walked",12.0456456456456,10,1,182,5,15,3330,0,"md",141315,0.0235643774546227,"Maryland"
11,"Worked at home",NA,NA,NA,NA,NA,NA,6197,6197,"md",141315,0.0438523865124014,"Maryland"
12,"Other method",38.3429648241206,25,1,182,10,45,796,0,"md",141315,0.0056328061423062,"Maryland"
1,"Car, truck, or van",26.9884198901807,20,1,185,14,35,130396,0,"ma",161050,0.809661595777709,"Massachusetts"
2,"Bus or trolley bus",40.448,30,1,185,20,50,4375,0,"ma",161050,0.0271654765600745,"Massachusetts"
3,"Streetcar or trolley car",40.7106017191977,35,2,152,30,45,349,0,"ma",161050,0.0021670288730208,"Massachusetts"
4,"Subway or elevated",42.080222935315,40,1,185,30,50,5921,0,"ma",161050,0.0367649798199317,"Massachusetts"
5,"Railroad",65.9690074539035,60,1,185,45,80,2549,0,"ma",161050,0.0158273828003726,"Massachusetts"
6,"Ferryboat",60.9918032786885,60,6,152,45,73.75,122,0,"ma",161050,0.000757528717789506,"Massachusetts"
7,"Taxicab",19.6318181818182,15,2,185,10,20,220,0,"ma",161050,0.00136603539273518,"Massachusetts"
8,"Motorcycle",26.109756097561,22.5,2,152,15,30,164,0,"ma",161050,0.00101831729276622,"Massachusetts"
9,"Bicycle",20.2905405405405,15,1,152,10,25,1184,0,"ma",161050,0.00735175411362931,"Massachusetts"
10,"Walked",12.8329086764114,10,1,152,5,15,7457,0,"ma",161050,0.0463023905619373,"Massachusetts"
11,"Worked at home",NA,NA,NA,NA,NA,NA,7440,7440,"ma",161050,0.0461968332815896,"Massachusetts"
12,"Other method",38.6643757159221,20,1,185,10,45,873,0,"ma",161050,0.00542067680844458,"Massachusetts"
1,"Car, truck, or van",24.7451334484132,20,1,194,10,30,188275,0,"mi",205686,0.915351555283296,"Michigan"
2,"Bus or trolley bus",42.2596789423985,30,1,194,20,60,2118,0,"mi",205686,0.010297249205099,"Michigan"
3,"Streetcar or trolley car",33.3333333333333,32,5,70,9.5,56.25,12,0,"mi",205686,5.83413552696829e-05,"Michigan"
4,"Subway or elevated",31.8965517241379,30,5,90,20,45,29,0,"mi",205686,0.0001409916085684,"Michigan"
5,"Railroad",65.5,60,30,150,43.75,75,16,0,"mi",205686,7.77884736929105e-05,"Michigan"
6,"Ferryboat",29.2727272727273,20,5,130,11,30,11,0,"mi",205686,5.3479575663876e-05,"Michigan"
7,"Taxicab",21.75,15,1,194,10,20,92,0,"mi",205686,0.000447283723734236,"Michigan"
8,"Motorcycle",24.4239766081871,20,2,194,12,30,342,0,"mi",205686,0.00166272862518596,"Michigan"
9,"Bicycle",16.9392201834862,15,1,151,9,20,872,0,"mi",205686,0.00423947181626363,"Michigan"
10,"Walked",9.22542622605767,5,1,151,2,10,4751,0,"mi",205686,0.0230983149071886,"Michigan"
11,"Worked at home",NA,NA,NA,NA,NA,NA,8120,8120,"mi",205686,0.0394776503991521,"Michigan"
12,"Other method",36.2013358778626,20,1,194,10,40,1048,0,"mi",205686,0.00509514502688564,"Michigan"
1,"Car, truck, or van",23.4371526126983,20,1,184,10,30,115685,0,"mn",133374,0.867372951249869,"Minnesota"
2,"Bus or trolley bus",36.813529617946,30,1,184,20,45,2853,0,"mn",133374,0.0213909757523955,"Minnesota"
3,"Streetcar or trolley car",35.6666666666667,35,10,90,18.75,41.25,12,0,"mn",133374,8.99725583696972e-05,"Minnesota"
4,"Subway or elevated",45.3787878787879,32,10,183,26.25,50,66,0,"mn",133374,0.000494849071033335,"Minnesota"
5,"Railroad",46.9733333333333,45,5,183,30,60,75,0,"mn",133374,0.000562328489810608,"Minnesota"
6,"Ferryboat",75,44,9,151,20,151,5,0,"mn",133374,3.74885659873738e-05,"Minnesota"
7,"Taxicab",19.7435897435897,15,5,60,10,21,39,0,"mn",133374,0.000292410814701516,"Minnesota"
8,"Motorcycle",21.1850649350649,15,1,151,10,25,308,0,"mn",133374,0.00230929566482223,"Minnesota"
9,"Bicycle",18.5773195876289,15,1,153,10,25,679,0,"mn",133374,0.00509094726108537,"Minnesota"
10,"Walked",7.61387856257745,5,1,184,2,10,4035,0,"mn",133374,0.0302532727518107,"Minnesota"
11,"Worked at home",NA,NA,NA,NA,NA,NA,8830,8830,"mn",133374,0.0662048075337022,"Minnesota"
12,"Other method",31.8576874205845,15,1,184,5,30,787,0,"mn",133374,0.00590070028641264,"Minnesota"
1,"Car, truck, or van",24.1211962616822,20,1,200,10,30,53500,0,"ms",56992,0.938728242560359,"Mississippi"
2,"Bus or trolley bus",38.1803278688525,30,1,193,15,50,244,0,"ms",56992,0.00428130263896687,"Mississippi"
3,"Streetcar or trolley car",34.25,30,2,75,23,41.25,4,0,"ms",56992,7.01852891633914e-05,"Mississippi"
4,"Subway or elevated",55.75,25,10,163,17.5,63.25,4,0,"ms",56992,7.01852891633914e-05,"Mississippi"
5,"Railroad",76.8333333333333,45,15,164,30,136.5,6,0,"ms",56992,0.000105277933745087,"Mississippi"
6,"Ferryboat",135.666666666667,163,44,200,103.5,181.5,3,0,"ms",56992,5.26389668725435e-05,"Mississippi"
7,"Taxicab",18.0384615384615,15,1,50,10,27.5,26,0,"ms",56992,0.000456204379562044,"Mississippi"
8,"Motorcycle",22.8275862068966,20,3,75,15,30,87,0,"ms",56992,0.00152653003930376,"Mississippi"
9,"Bicycle",13.6875,11,1,45,5,15.5,80,0,"ms",56992,0.00140370578326783,"Mississippi"
10,"Walked",9.21150278293135,5,1,200,2,10,1078,0,"ms",56992,0.018914935429534,"Mississippi"
11,"Worked at home",NA,NA,NA,NA,NA,NA,1460,1460,"ms",56992,0.0256176305446378,"Mississippi"
12,"Other method",34.682,20,1,200,10,36,500,0,"ms",56992,0.00877316114542392,"Mississippi"
1,"Car, truck, or van",23.850607333409,20,1,195,10,30,123326,0,"mo",135588,0.909564268224327,"Missouri"
2,"Bus or trolley bus",44.8368080517613,35,1,195,20,60,1391,0,"mo",135588,0.0102590199722689,"Missouri"
3,"Streetcar or trolley car",38.0952380952381,41,5,90,30,45,21,0,"mo",135588,0.000154880962917072,"Missouri"
4,"Subway or elevated",33.9014084507042,30,5,152,20,40,142,0,"mo",135588,0.00104729032067735,"Missouri"
5,"Railroad",40.4583333333333,30,5,90,20,56.25,24,0,"mo",135588,0.000177006814762368,"Missouri"
6,"Ferryboat",24.6,20,5,68,10,20,5,0,"mo",135588,3.68764197421601e-05,"Missouri"
7,"Taxicab",19.4383561643836,15,5,120,10,20,73,0,"mo",135588,0.000538395728235537,"Missouri"
8,"Motorcycle",21.1760299625468,20,1,90,10,30,267,0,"mo",135588,0.00196920081423135,"Missouri"
9,"Bicycle",18.2446043165468,15,1,151,7,25,278,0,"mo",135588,0.0020503289376641,"Missouri"
10,"Walked",9.82350948509485,5,1,195,2,10,2952,0,"mo",135588,0.0217718382157713,"Missouri"
11,"Worked at home",NA,NA,NA,NA,NA,NA,6093,6093,"mo",135588,0.0449376050977963,"Missouri"
12,"Other method",31.3385826771654,15,1,195,7.75,30,1016,0,"mo",135588,0.00749328849160693,"Missouri"
1,"Car, truck, or van",19.6440297690708,15,1,180,8,25,18274,0,"mt",22000,0.830636363636364,"Montana"
2,"Bus or trolley bus",39.9683544303797,30,5,180,15,50,158,0,"mt",22000,0.00718181818181818,"Montana"
3,"Streetcar or trolley car",9,9,9,9,9,9,1,0,"mt",22000,4.54545454545455e-05,"Montana"
4,"Subway or elevated",14.3333333333333,10,3,30,6.5,20,3,0,"mt",22000,0.000136363636363636,"Montana"
5,"Railroad",167,167,167,167,167,167,1,0,"mt",22000,4.54545454545455e-05,"Montana"
7,"Taxicab",16,14.5,5,30,8,22.5,4,0,"mt",22000,0.000181818181818182,"Montana"
8,"Motorcycle",12.5901639344262,10,2,45,5,15,61,0,"mt",22000,0.00277272727272727,"Montana"
9,"Bicycle",16.2649572649573,10,1,180,5,15,234,0,"mt",22000,0.0106363636363636,"Montana"
10,"Walked",7.63369656328583,5,1,162,2,10,1193,0,"mt",22000,0.0542272727272727,"Montana"
11,"Worked at home",NA,NA,NA,NA,NA,NA,1898,1898,"mt",22000,0.0862727272727273,"Montana"
12,"Other method",36.728323699422,15,1,180,5,35,173,0,"mt",22000,0.00786363636363636,"Montana"
1,"Car, truck, or van",19.3687720674774,15,1,159,10,25,40784,0,"ne",45802,0.89044146543819,"Nebraska"
2,"Bus or trolley bus",34.2990654205607,30,1,159,15,45,214,0,"ne",45802,0.00467228505305445,"Nebraska"
3,"Streetcar or trolley car",29.5,29.5,15,44,22.25,36.75,2,0,"ne",45802,4.3666215449107e-05,"Nebraska"
4,"Subway or elevated",13.5,13.5,2,25,7.75,19.25,2,0,"ne",45802,4.3666215449107e-05,"Nebraska"
6,"Ferryboat",73,73,73,73,73,73,1,0,"ne",45802,2.18331077245535e-05,"Nebraska"
7,"Taxicab",18.0625,11,5,45,10,30,16,0,"ne",45802,0.000349329723592856,"Nebraska"
8,"Motorcycle",21.7317073170732,16.5,2,134,7,25,82,0,"ne",45802,0.00179031483341339,"Nebraska"
9,"Bicycle",14.8076923076923,10,1,132,5,15,156,0,"ne",45802,0.00340596480503035,"Nebraska"
10,"Walked",7.55040556199305,5,1,159,2,10,1726,0,"ne",45802,0.0376839439325794,"Nebraska"
11,"Worked at home",NA,NA,NA,NA,NA,NA,2569,2569,"ne",45802,0.056089253744378,"Nebraska"
12,"Other method",26.18,10,1,159,5,30,250,0,"ne",45802,0.00545827693113838,"Nebraska"
1,"Car, truck, or van",22.6893765318627,20,1,155,14,30,52224,0,"nv",58313,0.895580745288358,"Nevada"
2,"Bus or trolley bus",59.0353418308227,60,1,155,30,75,1726,0,"nv",58313,0.0295988887555091,"Nevada"
3,"Streetcar or trolley car",32,32,20,44,26,38,2,0,"nv",58313,3.42976694733593e-05,"Nevada"
4,"Subway or elevated",39,45,15,50,40,45,5,0,"nv",58313,8.57441736833982e-05,"Nevada"
5,"Railroad",32.1,32.5,1,60,22.5,38.75,10,0,"nv",58313,0.000171488347366796,"Nevada"
6,"Ferryboat",44.5,44.5,44,45,44.25,44.75,2,0,"nv",58313,3.42976694733593e-05,"Nevada"
7,"Taxicab",22.88,15,7,144,10,20,25,0,"nv",58313,0.000428720868416991,"Nevada"
8,"Motorcycle",21.4626334519573,20,1,100,12,30,281,0,"nv",58313,0.00481882256100698,"Nevada"
9,"Bicycle",22.6850393700787,16.5,1,155,10,30,254,0,"nv",58313,0.00435580402311663,"Nevada"
10,"Walked",12.7409493161706,10,1,154,5,15,1243,0,"nv",58313,0.0213160015776928,"Nevada"
11,"Worked at home",NA,NA,NA,NA,NA,NA,1992,1992,"nv",58313,0.0341604787954658,"Nevada"
12,"Other method",40.4535519125683,20,1,155,10,45,549,0,"nv",58313,0.00941471027043712,"Nevada"
1,"Car, truck, or van",27.2854856456937,20,1,194,12,35,29991,0,"nh",33616,0.892164445502142,"New Hampshire"
2,"Bus or trolley bus",51.6516853932584,30,1,194,20,90,178,0,"nh",33616,0.00529509757258448,"New Hampshire"
3,"Streetcar or trolley car",43.75,37,10,90,25,56.25,4,0,"nh",33616,0.000118990956687292,"New Hampshire"
4,"Subway or elevated",39.8181818181818,40,15,90,30,45,11,0,"nh",33616,0.000327225130890052,"New Hampshire"
5,"Railroad",110.96875,107,41,158,90,150.5,32,0,"nh",33616,0.000951927653498334,"New Hampshire"
6,"Ferryboat",37,37,37,37,37,37,1,0,"nh",33616,2.97477391718229e-05,"New Hampshire"
7,"Taxicab",12.5,10,5,20,10,17.5,6,0,"nh",33616,0.000178486435030938,"New Hampshire"
8,"Motorcycle",21.1388888888889,20,3,60,14,30,72,0,"nh",33616,0.00214183722037125,"New Hampshire"
9,"Bicycle",16.328125,15,1,50,10,20,64,0,"nh",33616,0.00190385530699667,"New Hampshire"
10,"Walked",9.62003968253968,5,1,158,3,10,1008,0,"nh",33616,0.0299857210851975,"New Hampshire"
11,"Worked at home",NA,NA,NA,NA,NA,NA,2019,2019,"nh",33616,0.0600606853879105,"New Hampshire"
12,"Other method",39.3304347826087,15,1,194,5,44.5,230,0,"nh",33616,0.00684198000951928,"New Hampshire"
1,"Car, truck, or van",27.9510360770916,20,1,182,15,35,165673,0,"nj",202162,0.819506138641288,"New Jersey"
2,"Bus or trolley bus",53.8043081065487,45,1,182,30,70,10399,0,"nj",202162,0.0514389450045013,"New Jersey"
3,"Streetcar or trolley car",39.6352941176471,32,10,145,20,50,170,0,"nj",202162,0.000840909765435641,"New Jersey"
4,"Subway or elevated",50.3284968078932,45,1,182,35,60,3446,0,"nj",202162,0.0170457355981836,"New Jersey"
5,"Railroad",75.0344501230362,75,1,182,60,90,5283,0,"nj",202162,0.0261325075929205,"New Jersey"
6,"Ferryboat",55.7506234413965,50,10,145,40,70,401,0,"nj",202162,0.00198355774082172,"New Jersey"
7,"Taxicab",17.9435736677116,15,1,182,10,20,319,0,"nj",202162,0.00157794244219982,"New Jersey"
8,"Motorcycle",26.1908396946565,20,1,142,15,35,131,0,"nj",202162,0.000647995172188641,"New Jersey"
9,"Bicycle",18.3941368078176,15,1,144,10,20,614,0,"nj",202162,0.00303716821163226,"New Jersey"
10,"Walked",11.9313914721881,10,1,182,5,15,5699,0,"nj",202162,0.0281902632542219,"New Jersey"
11,"Worked at home",NA,NA,NA,NA,NA,NA,8010,8010,"nj",202162,0.0396216895361146,"New Jersey"
12,"Other method",31.7288051561725,20,1,182,12,35,2017,0,"nj",202162,0.00997714704049228,"New Jersey"
1,"Car, truck, or van",22.1799767698802,15,1,183,10,30,35299,0,"nm",39662,0.88999546165095,"New Mexico"
2,"Bus or trolley bus",43.3267045454545,40,2,183,25,60,352,0,"nm",39662,0.00887499369673743,"New Mexico"
3,"Streetcar or trolley car",37,41,10,60,25.5,50.5,3,0,"nm",39662,7.56391508244667e-05,"New Mexico"
4,"Subway or elevated",55.8333333333333,60,30,75,41.25,71.25,6,0,"nm",39662,0.000151278301648933,"New Mexico"
5,"Railroad",67.3636363636364,60,10,144,42.75,90,66,0,"nm",39662,0.00166406131813827,"New Mexico"
7,"Taxicab",25.6,20,19,40,19,30,5,0,"nm",39662,0.000126065251374111,"New Mexico"
8,"Motorcycle",23.3875,15,1,182,10,25,160,0,"nm",39662,0.00403408804397156,"New Mexico"
9,"Bicycle",18.9349315068493,15,2,123,10,25,292,0,"nm",39662,0.0073622106802481,"New Mexico"
10,"Walked",10.0847457627119,5,1,182,2,15,1062,0,"nm",39662,0.0267762593918612,"New Mexico"
11,"Worked at home",NA,NA,NA,NA,NA,NA,2124,2124,"nm",39662,0.0535525187837225,"New Mexico"
12,"Other method",33.8600682593857,15,1,183,5,30,293,0,"nm",39662,0.00738742373052292,"New Mexico"
1,"Car, truck, or van",25.7357677390396,20,1,182,10,30,285162,0,"ny",426954,0.667898649503225,"New York"
2,"Bus or trolley bus",47.112244441462,45,1,182,30,60,22353,0,"ny",426954,0.0523545862083503,"New York"
3,"Streetcar or trolley car",52.2473794549266,45,5,182,30,60,477,0,"ny",426954,0.00111721637459773,"New York"
4,"Subway or elevated",48.5935510162498,45,1,182,30,60,58893,0,"ny",426954,0.137937576413384,"New York"
5,"Railroad",71.8303930131004,60,1,182,55,90,11450,0,"ny",426954,0.0268178773357317,"New York"
6,"Ferryboat",69.4215938303342,60,2,173,60,90,389,0,"ny",426954,0.000911105177606955,"New York"
7,"Taxicab",20.0258915486077,15,1,182,10,25,2047,0,"ny",426954,0.00479442750272863,"New York"
8,"Motorcycle",23.6892778993435,20,1,182,15,30,457,0,"ny",426954,0.00107037292073619,"New York"
9,"Bicycle",21.8539731682147,20,1,182,10,30,1938,0,"ny",426954,0.00453913067918324,"New York"
10,"Walked",13.1973122070596,10,1,182,5,15,24109,0,"ny",426954,0.0564674414573935,"New York"
11,"Worked at home",NA,NA,NA,NA,NA,NA,17167,17167,"ny",426954,0.040208078622053,"New York"
12,"Other method",35.0051751592357,20,1,182,10,45,2512,0,"ny",426954,0.00588353780500944,"New York"
1,"Car, truck, or van",23.5618699074713,20,1,184,10,30,188266,0,"nc",206404,0.912123796050464,"North Carolina"
2,"Bus or trolley bus",41.1678535096643,30,1,184,20,60,1966,0,"nc",206404,0.00952500920524796,"North Carolina"
3,"Streetcar or trolley car",24.25,22.5,3,60,15,30,32,0,"nc",206404,0.000155035755121025,"North Carolina"
4,"Subway or elevated",35.0947368421053,30,5,128,20,45,95,0,"nc",206404,0.000460262398015542,"North Carolina"
5,"Railroad",41.4516129032258,30,5,143,25,52.5,31,0,"nc",206404,0.000150190887773493,"North Carolina"
6,"Ferryboat",54.3157894736842,45,2,183,12.5,75,19,0,"nc",206404,9.20524796031085e-05,"North Carolina"
7,"Taxicab",15.9192546583851,15,2,60,10,20,161,0,"nc",206404,0.000780023642952656,"North Carolina"
8,"Motorcycle",22.2857142857143,18,1,184,10,30,441,0,"nc",206404,0.00213658650026162,"North Carolina"
9,"Bicycle",18.3138401559454,15,1,183,10,20,513,0,"nc",206404,0.00248541694928393,"North Carolina"
10,"Walked",9.18572141787319,5,1,184,2,10,4006,0,"nc",206404,0.0194085385942133,"North Carolina"
11,"Worked at home",NA,NA,NA,NA,NA,NA,9428,9428,"nc",206404,0.0456774093525319,"North Carolina"
12,"Other method",40.7185338865837,20,1,184,10,45,1446,0,"nc",206404,0.00700567818453131,"North Carolina"
1,"Car, truck, or van",18.6426205617382,15,1,191,5,20,15096,0,"nd",17543,0.860514165194095,"North Dakota"
2,"Bus or trolley bus",23.7118644067797,20,1,105,10,30,59,0,"nd",17543,0.00336316479507496,"North Dakota"
4,"Subway or elevated",30,30,30,30,30,30,1,0,"nd",17543,5.70027931368637e-05,"North Dakota"
7,"Taxicab",10.25,10.5,5,15,5.75,15,4,0,"nd",17543,0.000228011172547455,"North Dakota"
8,"Motorcycle",18.75,15,2,50,8.75,30,28,0,"nd",17543,0.00159607820783218,"North Dakota"
9,"Bicycle",9.24096385542169,5,1,40,5,13.5,83,0,"nd",17543,0.00473123183035969,"North Dakota"
10,"Walked",6.52482269503546,5,1,150,2,7.75,846,0,"nd",17543,0.0482243629937867,"North Dakota"
11,"Worked at home",NA,NA,NA,NA,NA,NA,1322,1322,"nd",17543,0.0753576925269338,"North Dakota"
12,"Other method",31.2403846153846,10,1,191,5,30,104,0,"nd",17543,0.00592829048623383,"North Dakota"
1,"Car, truck, or van",23.215175937676,20,1,183,10,30,237982,0,"oh",259939,0.91553018208118,"Ohio"
2,"Bus or trolley bus",43.263759638394,30,1,183,20,60,3761,0,"oh",259939,0.0144687792135847,"Ohio"
3,"Streetcar or trolley car",49.5490196078431,45,10,148,30,60,51,0,"oh",259939,0.000196199877663606,"Ohio"
4,"Subway or elevated",43.563025210084,40,5,182,30,50,119,0,"oh",259939,0.000457799714548413,"Ohio"
5,"Railroad",43.2391304347826,40,5,148,26.25,45,46,0,"oh",259939,0.000176964595539723,"Ohio"
6,"Ferryboat",37,30,5,128,15,45,11,0,"oh",259939,4.23176206725424e-05,"Ohio"
7,"Taxicab",23.635838150289,15,2,128,10,30,173,0,"oh",259939,0.000665540761486349,"Ohio"
8,"Motorcycle",22.1691919191919,20,1,182,10,30,396,0,"oh",259939,0.00152343434421153,"Ohio"
9,"Bicycle",16.5026809651475,10,1,148,5.25,20,746,0,"oh",259939,0.00286990409288333,"Ohio"
10,"Walked",10.2196785192401,5,1,183,3,12,6159,0,"oh",259939,0.023694020520199,"Ohio"
11,"Worked at home",NA,NA,NA,NA,NA,NA,9146,9146,"oh",259939,0.0351851780610066,"Ohio"
12,"Other method",35.9851742031134,20,1,183,10,40,1349,0,"oh",259939,0.00518967911702361,"Ohio"
1,"Car, truck, or van",22.060103910309,15,1,180,10,30,73140,0,"ok",79152,0.924044875682232,"Oklahoma"
2,"Bus or trolley bus",34.332268370607,25,1,130,15,50,313,0,"ok",79152,0.0039544168182737,"Oklahoma"
3,"Streetcar or trolley car",30,30,15,45,22.5,37.5,2,0,"ok",79152,2.52678390944006e-05,"Oklahoma"
4,"Subway or elevated",48.1666666666667,37,30,90,30,59.75,6,0,"ok",79152,7.58035172832019e-05,"Oklahoma"
5,"Railroad",102,124.5,30,129,97.5,129,4,0,"ok",79152,5.05356781888013e-05,"Oklahoma"
6,"Ferryboat",85.8333333333333,75,44,148,48,119.25,6,0,"ok",79152,7.58035172832019e-05,"Oklahoma"
7,"Taxicab",22.3939393939394,15,2,139,10,25,33,0,"ok",79152,0.000416919345057611,"Oklahoma"
8,"Motorcycle",18.4718614718615,15,1,90,10,25,231,0,"ok",79152,0.00291843541540327,"Oklahoma"
9,"Bicycle",16.055900621118,12,1,129,5,20,161,0,"ok",79152,0.00203406104709925,"Oklahoma"
10,"Walked",8.56114649681529,5,1,180,2,10,1570,0,"ok",79152,0.0198352536891045,"Oklahoma"
11,"Worked at home",NA,NA,NA,NA,NA,NA,3073,3073,"ok",79152,0.0388240347685466,"Oklahoma"
12,"Other method",30.0636215334421,15,1,180,5,30,613,0,"ok",79152,0.0077445926824338,"Oklahoma"
1,"Car, truck, or van",22.0863589893384,18,1,183,10,30,68470,0,"or",83168,0.82327337437476,"Oregon"
2,"Bus or trolley bus",42.8442991418063,35,1,183,25,55,2447,0,"or",83168,0.0294223739899962,"Oregon"
3,"Streetcar or trolley car",40.3740157480315,32.5,5,126,25,50,254,0,"or",83168,0.00305405925355906,"Oregon"
4,"Subway or elevated",49.5489361702128,45,10,126,30,60,235,0,"or",83168,0.00282560600230858,"Oregon"
5,"Railroad",61.2214285714286,50,5,183,43.75,60,140,0,"or",83168,0.00168333974605618,"Oregon"
6,"Ferryboat",43,52.5,7,60,35.5,60,4,0,"or",83168,4.80954213158907e-05,"Oregon"
7,"Taxicab",15,15,1,30,10,20,30,0,"or",83168,0.00036071565986918,"Oregon"
8,"Motorcycle",19.9446254071661,15,1,125,10,25,307,0,"or",83168,0.00369132358599461,"Oregon"
9,"Bicycle",21.4092872570194,20,1,183,10,30,1852,0,"or",83168,0.0222681800692574,"Oregon"
10,"Walked",11.2380375529982,5,1,150,3,15,3302,0,"or",83168,0.0397027702962678,"Oregon"
11,"Worked at home",NA,NA,NA,NA,NA,NA,5571,5571,"or",83168,0.0669848980377068,"Oregon"
12,"Other method",43.7625899280576,20,1,183,10,60,556,0,"or",83168,0.00668526356290881,"Oregon"
1,"Car, truck, or van",25.6600653613028,20,1,194,10,30,250607,0,"pa",286673,0.874191151590837,"Pennsylvania"
2,"Bus or trolley bus",43.8035278933027,35,1,194,25,60,6973,0,"pa",286673,0.0243238812165778,"Pennsylvania"
3,"Streetcar or trolley car",41.7491166077738,35,1,180,30,45,283,0,"pa",286673,0.000987187492369355,"Pennsylvania"
4,"Subway or elevated",42.1836734693878,40,3,194,30,50,1225,0,"pa",286673,0.00427316140689915,"Pennsylvania"
5,"Railroad",59.5815879201169,50,2,194,40,65,2053,0,"pa",286673,0.00716146968846037,"Pennsylvania"
6,"Ferryboat",72.1818181818182,37,15,194,33.5,106,11,0,"pa",286673,3.83712452864413e-05,"Pennsylvania"
7,"Taxicab",21.7894736842105,15,1,152,10,25,209,0,"pa",286673,0.000729053660442386,"Pennsylvania"
8,"Motorcycle",23.4760076775432,20,1,194,10,30,521,0,"pa",286673,0.0018174017085669,"Pennsylvania"
9,"Bicycle",19.4517453798768,15,1,194,10,25,974,0,"pa",286673,0.00339759935536308,"Pennsylvania"
10,"Walked",10.0699313845286,5,1,194,3,15,10639,0,"pa",286673,0.0371119707820409,"Pennsylvania"
11,"Worked at home",NA,NA,NA,NA,NA,NA,11477,11477,"pa",286673,0.0400351620138625,"Pennsylvania"
12,"Other method",37.6884185773075,20,1,194,10,40,1701,0,"pa",286673,0.00593358983929425,"Pennsylvania"
1,"Car, truck, or van",23.4098472140364,20,1,181,10,30,22057,0,"ri",24809,0.889072514007014,"Rhode Island"
2,"Bus or trolley bus",36.7811860940695,30,2,181,20,45,489,0,"ri",24809,0.0197105888991898,"Rhode Island"
3,"Streetcar or trolley car",50,30,30,90,30,60,3,0,"ri",24809,0.000120923858277238,"Rhode Island"
4,"Subway or elevated",57.0833333333333,35,15,149,30,72.5,24,0,"ri",24809,0.000967390866217905,"Rhode Island"
5,"Railroad",99.0070921985816,90,1,181,70,120,141,0,"ri",24809,0.00568342133903019,"Rhode Island"
6,"Ferryboat",181,181,181,181,181,181,1,0,"ri",24809,4.03079527590794e-05,"Rhode Island"
7,"Taxicab",12.9230769230769,15,5,25,7,15,13,0,"ri",24809,0.000524003385868032,"Rhode Island"
8,"Motorcycle",23.2692307692308,20,5,60,11.25,30,26,0,"ri",24809,0.00104800677173606,"Rhode Island"
9,"Bicycle",18.1237113402062,10,2,118,8,20,97,0,"ri",24809,0.0039098714176307,"Rhode Island"
10,"Walked",10.5188141391106,8,1,140,5,15,877,0,"ri",24809,0.0353500745697126,"Rhode Island"
11,"Worked at home",NA,NA,NA,NA,NA,NA,919,919,"ri",24809,0.0370430085855939,"Rhode Island"
12,"Other method",32.5617283950617,20,1,181,10,30,162,0,"ri",24809,0.00652988834697086,"Rhode Island"
1,"Car, truck, or van",23.9630604223569,20,1,186,10,30,90066,0,"sc",98040,0.918665850673195,"South Carolina"
2,"Bus or trolley bus",38.0754352030948,30,2,186,20,45,517,0,"sc",98040,0.0052733578131375,"South Carolina"
3,"Streetcar or trolley car",40.1666666666667,27.5,5,186,14.25,45.5,12,0,"sc",98040,0.000122399020807834,"South Carolina"
4,"Subway or elevated",38.9047619047619,41,10,75,30,45,21,0,"sc",98040,0.000214198286413709,"South Carolina"
5,"Railroad",68,60,40,129,45,60,9,0,"sc",98040,9.17992656058752e-05,"South Carolina"
6,"Ferryboat",38.3333333333333,41,30,44,35.5,42.5,3,0,"sc",98040,3.05997552019584e-05,"South Carolina"
7,"Taxicab",16.4339622641509,14,1,60,10,20,106,0,"sc",98040,0.0010811913504692,"South Carolina"
8,"Motorcycle",21.9836734693878,20,1,127,10,30,245,0,"sc",98040,0.00249898000815993,"South Carolina"
9,"Bicycle",17.8178694158076,12,1,145,10,20,291,0,"sc",98040,0.00296817625458996,"South Carolina"
10,"Walked",9.62853172765169,5,1,180,2,10,2159,0,"sc",98040,0.0220216238270094,"South Carolina"
11,"Worked at home",NA,NA,NA,NA,NA,NA,3783,3783,"sc",98040,0.0385862913096695,"South Carolina"
12,"Other method",34.9384057971015,20,1,186,10,30,828,0,"sc",98040,0.00844553243574051,"South Carolina"
1,"Car, truck, or van",18.6755893624434,15,1,175,5,25,17222,0,"sd",20186,0.85316556028931,"South Dakota"
2,"Bus or trolley bus",33.5138888888889,30,3,140,13.75,45,72,0,"sd",20186,0.00356682849499653,"South Dakota"
5,"Railroad",30,30,30,30,30,30,1,0,"sd",20186,4.95392846527296e-05,"South Dakota"
7,"Taxicab",12.4444444444444,15,5,20,10,15,9,0,"sd",20186,0.000445853561874567,"South Dakota"
8,"Motorcycle",17.037037037037,11,2,175,5,20,54,0,"sd",20186,0.0026751213712474,"South Dakota"
9,"Bicycle",10.3372093023256,10,1,30,5,15,86,0,"sd",20186,0.00426037848013475,"South Dakota"
10,"Walked",5.97565374211001,5,1,90,2,5,1109,0,"sd",20186,0.0549390666798771,"South Dakota"
11,"Worked at home",NA,NA,NA,NA,NA,NA,1519,1519,"sd",20186,0.0752501733874963,"South Dakota"
12,"Other method",26.1666666666667,10,1,175,5,27,114,0,"sd",20186,0.00564747845041118,"South Dakota"
1,"Car, truck, or van",24.5925045325869,20,1,185,10,30,125756,0,"tn",134863,0.932472212541616,"Tennessee"
2,"Bus or trolley bus",42.3013993541442,30,1,185,20,60,929,0,"tn",134863,0.00688847200492352,"Tennessee"
3,"Streetcar or trolley car",46.6153846153846,45,15,151,25,60,13,0,"tn",134863,9.63941184757865e-05,"Tennessee"
4,"Subway or elevated",32.1428571428571,30,10,60,20,43.75,14,0,"tn",134863,0.000103809050666232,"Tennessee"
5,"Railroad",59.1944444444444,45,25,151,45,75,36,0,"tn",134863,0.000266937558856024,"Tennessee"
6,"Ferryboat",18.875,15,5,41,12.5,26.25,8,0,"tn",134863,5.9319457523561e-05,"Tennessee"
7,"Taxicab",18.015873015873,15,2,151,10,20,63,0,"tn",134863,0.000467140727998042,"Tennessee"
8,"Motorcycle",25.4538461538462,20,2,185,13,30,260,0,"tn",134863,0.00192788236951573,"Tennessee"
9,"Bicycle",16.4020618556701,10,1,65,8,20,194,0,"tn",134863,0.00143849684494635,"Tennessee"
10,"Walked",9.27200424178155,5,1,185,2,10,1886,0,"tn",134863,0.0139845621111795,"Tennessee"
11,"Worked at home",NA,NA,NA,NA,NA,NA,4741,4741,"tn",134863,0.0351541935149003,"Tennessee"
12,"Other method",36.9532710280374,20,1,185,10,35,963,0,"tn",134863,0.00714057969939865,"Tennessee"
1,"Car, truck, or van",24.8301195126604,20,1,193,10,30,482292,0,"tx",530219,0.909609048336631,"Texas"
2,"Bus or trolley bus",47.6155742459397,40,1,193,25,60,6896,0,"tx",530219,0.013005946599424,"Texas"
3,"Streetcar or trolley car",35.7029702970297,30,1,156,20,45,101,0,"tx",530219,0.000190487326934719,"Texas"
4,"Subway or elevated",43.4504504504505,45,5,156,30,60,333,0,"tx",530219,0.000628042374943184,"Texas"
5,"Railroad",51.4519906323185,45,1,193,30,60,427,0,"tx",530219,0.000805327609912131,"Texas"
6,"Ferryboat",49.75,42,15,156,28.75,44,8,0,"tx",530219,1.50881051037402e-05,"Texas"
7,"Taxicab",20.9691629955947,15,1,146,10,23.5,227,0,"tx",530219,0.000428124982318627,"Texas"
8,"Motorcycle",21.8755047106326,20,1,193,10,30,1486,0,"tx",530219,0.00280261552301973,"Texas"
9,"Bicycle",17.92,15,1,193,10,20,1325,0,"tx",530219,0.00249896740780696,"Texas"
10,"Walked",9.74140211640212,5,1,193,2,10,9072,0,"tx",530219,0.0171099111876413,"Texas"
11,"Worked at home",NA,NA,NA,NA,NA,NA,22482,22482,"tx",530219,0.0424013473677858,"Texas"
12,"Other method",34.718671454219,20,1,193,10,30,5570,0,"tx",530219,0.0105050931784791,"Texas"
1,"Car, truck, or van",21.3778932804846,15,1,185,10,30,53486,0,"ut",60689,0.881312923264512,"Utah"
2,"Bus or trolley bus",43.9430501930502,40,1,185,20,60,1036,0,"ut",60689,0.0170706388307601,"Utah"
3,"Streetcar or trolley car",41.1230769230769,35,5,185,20,50,65,0,"ut",60689,0.00107103428957472,"Utah"
4,"Subway or elevated",51.5810810810811,45,9,140,30,60,74,0,"ut",60689,0.00121933134505429,"Utah"
5,"Railroad",59.1283783783784,60,10,185,40,75,148,0,"ut",60689,0.00243866269010859,"Utah"
7,"Taxicab",15.1,15,5,30,10,19,10,0,"ut",60689,0.000164774506088418,"Utah"
8,"Motorcycle",18.2129963898917,15,1,140,8,25,277,0,"ut",60689,0.00456425381864918,"Utah"
9,"Bicycle",17.5717391304348,15,1,140,9.5,20,460,0,"ut",60689,0.00757962728006723,"Utah"
10,"Walked",11.6379731379731,10,1,185,5,15,1638,0,"ut",60689,0.0269900640972829,"Utah"
11,"Worked at home",NA,NA,NA,NA,NA,NA,3098,3098,"ut",60689,0.0510471419861919,"Utah"
12,"Other method",39.6372795969773,20,1,185,5,45,397,0,"ut",60689,0.0065415478917102,"Utah"
1,"Car, truck, or van",24.6914806851042,20,1,185,10,30,13487,0,"vt",15955,0.845314948292071,"Vermont"
2,"Bus or trolley bus",34.9124087591241,30,1,185,15,45,137,0,"vt",15955,0.00858664995299279,"Vermont"
4,"Subway or elevated",30,27,20,45,23.75,33.75,4,0,"vt",15955,0.000250705108116578,"Vermont"
5,"Railroad",41.8,30,30,75,30,44,5,0,"vt",15955,0.000313381385145722,"Vermont"
6,"Ferryboat",30,30,15,45,22.5,37.5,2,0,"vt",15955,0.000125352554058289,"Vermont"
7,"Taxicab",15.375,15,10,25,12.25,16.25,8,0,"vt",15955,0.000501410216233156,"Vermont"
8,"Motorcycle",21.6551724137931,15,4,60,10,30,29,0,"vt",15955,0.00181761203384519,"Vermont"
9,"Bicycle",16.375,10,1,153,5,15,88,0,"vt",15955,0.00551551237856471,"Vermont"
10,"Walked",8.6712962962963,5,1,175,2,10,864,0,"vt",15955,0.0541523033531808,"Vermont"
11,"Worked at home",NA,NA,NA,NA,NA,NA,1225,1225,"vt",15955,0.076778439360702,"Vermont"
12,"Other method",31.0660377358491,15,1,185,5,30,106,0,"vt",15955,0.00664368536508931,"Vermont"
1,"Car, truck, or van",27.0577085264826,20,1,180,15,30,167185,0,"va",190377,0.878178561485894,"Virginia"
2,"Bus or trolley bus",43.422265954456,35,1,180,20,60,3557,0,"va",190377,0.0186839796824196,"Virginia"
3,"Streetcar or trolley car",46.2,45,2,151,30,58.75,50,0,"va",190377,0.000262636768096987,"Virginia"
4,"Subway or elevated",47.5888339633614,45,1,180,30,60,3439,0,"va",190377,0.0180641569097107,"Virginia"
5,"Railroad",79.390134529148,75,2,180,60,90,669,0,"va",190377,0.00351407995713768,"Virginia"
6,"Ferryboat",39.6153846153846,35,2,120,15,52,13,0,"va",190377,6.82855597052165e-05,"Virginia"
7,"Taxicab",20.5668789808917,15,5,150,10,30,157,0,"va",190377,0.000824679451824538,"Virginia"
8,"Motorcycle",26.1804733727811,20,1,180,15,35,338,0,"va",190377,0.00177542455233563,"Virginia"
9,"Bicycle",21.2182596291013,15,1,180,10,30,701,0,"va",190377,0.00368216748871975,"Virginia"
10,"Walked",10.6985942339766,7,1,180,5,15,4197,0,"va",190377,0.022045730314061,"Virginia"
11,"Worked at home",NA,NA,NA,NA,NA,NA,8673,8673,"va",190377,0.0455569737941033,"Virginia"
12,"Other method",37.6559370529328,20,1,180,10,45,1398,0,"va",190377,0.00734332403599174,"Virginia"
1,"Car, truck, or van",24.7690685440562,20,1,184,10,30,127553,0,"wa",152527,0.836265054711625,"Washington"
2,"Bus or trolley bus",43.6884599126391,40,1,184,28,60,7097,0,"wa",152527,0.0465294669140546,"Washington"
3,"Streetcar or trolley car",42,30,12,120,25,60,26,0,"wa",152527,0.000170461623188026,"Washington"
4,"Subway or elevated",45.3176470588235,45,15,90,30,60,85,0,"wa",152527,0.000557278383499315,"Washington"
5,"Railroad",66.0032258064516,60,2,154,45,80,310,0,"wa",152527,0.00203242704570338,"Washington"
6,"Ferryboat",85.2360097323601,90,5,184,60,95,411,0,"wa",152527,0.0026946048896261,"Washington"
7,"Taxicab",23.2063492063492,15,5,144,10,25,63,0,"wa",152527,0.000413041625417139,"Washington"
8,"Motorcycle",26.395,20,1,184,13,32,600,0,"wa",152527,0.00393372976587752,"Washington"
9,"Bicycle",24.1366459627329,20,1,154,10,30,1288,0,"wa",152527,0.00844440656408374,"Washington"
10,"Walked",11.4940154440154,10,1,154,5,15,5180,0,"wa",152527,0.0339612003120759,"Washington"
11,"Worked at home",NA,NA,NA,NA,NA,NA,8771,8771,"wa",152527,0.0575045729608528,"Washington"
12,"Other method",46.7104111986002,25,1,184,10,60,1143,0,"wa",152527,0.00749375520399667,"Washington"
1,"Car, truck, or van",25.6488360124724,20,1,195,10,30,33033,0,"wv",35934,0.919268659208549,"West Virginia"
2,"Bus or trolley bus",33.4439461883408,30,1,155,15,42.5,223,0,"wv",35934,0.00620582178438248,"West Virginia"
3,"Streetcar or trolley car",10,10,5,15,7.5,12.5,2,0,"wv",35934,5.56575944787666e-05,"West Virginia"
4,"Subway or elevated",74.0909090909091,45,15,155,20,149.5,11,0,"wv",35934,0.000306116769633216,"West Virginia"
5,"Railroad",99.6666666666667,90,2,195,75,148,45,0,"wv",35934,0.00125229587577225,"West Virginia"
6,"Ferryboat",17,17,17,17,17,17,1,0,"wv",35934,2.78287972393833e-05,"West Virginia"
7,"Taxicab",12.8235294117647,10,5,45,8,13,17,0,"wv",35934,0.000473089553069516,"West Virginia"
8,"Motorcycle",19.4230769230769,15,3,59,7.5,30,26,0,"wv",35934,0.000723548728223966,"West Virginia"
9,"Bicycle",14.84,10,1,60,9,15,50,0,"wv",35934,0.00139143986196917,"West Virginia"
10,"Walked",9.10432569974555,5,1,155,2,10,1179,0,"wv",35934,0.0328101519452329,"West Virginia"
11,"Worked at home",NA,NA,NA,NA,NA,NA,1114,1114,"wv",35934,0.031001280124673,"West Virginia"
12,"Other method",27.0515021459227,15,1,195,5,30,233,0,"wv",35934,0.00648410975677631,"West Virginia"
1,"Car, truck, or van",23.2764943074004,20,1,182,10,30,126480,0,"wi",142384,0.888302056410833,"Wisconsin"
2,"Bus or trolley bus",38.193125,30,1,182,20,45,1600,0,"wi",142384,0.0112372176649062,"Wisconsin"
3,"Streetcar or trolley car",47,15,10,148,10,52,4,0,"wi",142384,2.80930441622654e-05,"Wisconsin"
4,"Subway or elevated",23.8181818181818,20,2,60,20,25,11,0,"wi",142384,7.72558714462299e-05,"Wisconsin"
5,"Railroad",106.979166666667,95,12,182,75,145.75,48,0,"wi",142384,0.000337116529947185,"Wisconsin"
6,"Ferryboat",17.8333333333333,20,2,30,7.5,28.75,6,0,"wi",142384,4.21395662433981e-05,"Wisconsin"
7,"Taxicab",16.7159090909091,15,1,60,10,20,88,0,"wi",142384,0.000618046971569839,"Wisconsin"
8,"Motorcycle",19.7002012072435,15,1,151,10,25,497,0,"wi",142384,0.00349056073716148,"Wisconsin"
9,"Bicycle",15.6545893719807,10,1,182,7,20,828,0,"wi",142384,0.00581526014158894,"Wisconsin"
10,"Walked",7.70166666666667,5,1,182,2,10,4800,0,"wi",142384,0.0337116529947185,"Wisconsin"
11,"Worked at home",NA,NA,NA,NA,NA,NA,7218,7218,"wi",142384,0.050693898190808,"Wisconsin"
12,"Other method",29.8718905472637,15,1,182,5,30,804,0,"wi",142384,0.00564670187661535,"Wisconsin"
1,"Car, truck, or van",18.8454432989691,10,1,200,5,20,12125,0,"wy",13852,0.875324862835692,"Wyoming"
2,"Bus or trolley bus",48.0461538461538,45,1,187,20,60,195,0,"wy",13852,0.0140773895466359,"Wyoming"
5,"Railroad",80,80,80,80,80,80,1,0,"wy",13852,7.21917412647993e-05,"Wyoming"
7,"Taxicab",8.33333333333333,5,5,15,5,10,3,0,"wy",13852,0.000216575223794398,"Wyoming"
8,"Motorcycle",19,10,2,161,8,19.75,36,0,"wy",13852,0.00259890268553278,"Wyoming"
9,"Bicycle",9.16153846153846,8,1,60,5,10,130,0,"wy",13852,0.00938492636442391,"Wyoming"
10,"Walked",8.06864564007421,5,1,195,2,10,539,0,"wy",13852,0.0389113485417268,"Wyoming"
11,"Worked at home",NA,NA,NA,NA,NA,NA,716,716,"wy",13852,0.0516892867455963,"Wyoming"
12,"Other method",25.8598130841122,15,1,195,5,30,107,0,"wy",13852,0.00772451631533353,"Wyoming"
1,"Car, truck, or van",26.7201989411198,20,1,144,15,30,6233,0,"dc",14907,0.418125712752398,"District of Columbia"
2,"Bus or trolley bus",38.5230840258541,30,1,144,25,45,2166,0,"dc",14907,0.145300865365265,"District of Columbia"
3,"Streetcar or trolley car",42.88,40,20,75,30,60,25,0,"dc",14907,0.00167706446635809,"District of Columbia"
4,"Subway or elevated",36.3029921259843,30,1,144,25,45,3175,0,"dc",14907,0.212987187227477,"District of Columbia"
5,"Railroad",69.0461538461538,60,15,144,35,90,65,0,"dc",14907,0.00436036761253103,"District of Columbia"
6,"Ferryboat",90,90,90,90,90,90,1,0,"dc",14907,6.70825786543235e-05,"District of Columbia"
7,"Taxicab",20.3518518518519,19,10,45,15,20,54,0,"dc",14907,0.00362245924733347,"District of Columbia"
8,"Motorcycle",17.5675675675676,15,5,45,10,20,37,0,"dc",14907,0.00248205541020997,"District of Columbia"
9,"Bicycle",20.6902834008097,20,2,75,15,25,494,0,"dc",14907,0.0331387938552358,"District of Columbia"
10,"Walked",17.2649667405765,15,1,136,10,20,1804,0,"dc",14907,0.1210169718924,"District of Columbia"
11,"Worked at home",NA,NA,NA,NA,NA,NA,765,765,"dc",14907,0.0513181726705575,"District of Columbia"
12,"Other method",44.9772727272727,28,1,144,10,50,88,0,"dc",14907,0.00590326692158047,"District of Columbia"
